<?xml version="1.0"?>
<Devices>
<Device type="custom" id="IP-Device">
    <Name>IP-Device</Name>
        <ConfigUI>			

            <Field id="setHardwareVendor" type="textfield" hidden="false"> <Label>overwrite HardwareVendor State value:</Label></Field>

            <Field id="setDeviceInfo"     type="textfield" hidden="false"> <Label>overwrite DeviceInfo State value:</Label></Field>


            <Field id="setUsePing" 			  type="menu"     defaultValue="doNotUsePing"> <Label>Use Ping to track status:</Label>
                <List>
                    <Option value="doNotUsePing" >do not use PING</Option>
                    <Option value="usePingifUP"  >use Ping if up, test if down (fast down detection)</Option>
                    <Option value="usePingifDown" >use Ping if down, check if back up</Option>
                    <Option value="usePingifUPdown" >use Ping up and down </Option>
                    <Option value="useOnlyPing" >use only Ping for up and down </Option>
                </List>
            </Field>

            <Field id="setExpirationTime" 			  type="menu"     defaultValue="0" visibleBindingId="setUsePing" visibleBindingValue="doNotUsePing,usePingifUP,usePingifDown,usePingifUPdown"> <Label>Add expiration time to FING up to down status change:</Label>
                <List>
                    <Option value="0"  >use FING info directly for up to down expired</Option>
                    <Option value="10" >add 10 sec to FING info for up to down expired</Option>
                    <Option value="20" >add 20 sec to FING info for up to down expired</Option>
                    <Option value="30" >add 30 sec to FING info for up to down expired</Option>
                    <Option value="60" >add 60 sec to FING info for up to down expired</Option>
                    <Option value="90" >add 90 sec to FING info for up to down expired</Option>
                    <Option value="120">add  2 min to FING info for up to down expired</Option>
                    <Option value="180">add  3 min to FING info for up to down expired</Option>
                    <Option value="240">add  4 min to FING info for up to down expired</Option>
                    <Option value="300">add  5 min to FING info for up to down expired</Option>
                    <Option value="360">add  6 min to FING info for up to down expired</Option>
                    <Option value="420">add  7 min to FING info for up to down expired</Option>
                    <Option value="480">add  8 min to FING info for up to down expired</Option>
                    <Option value="560">add  9 min to FING info for up to down expired</Option>
                    <Option value="600">add 10 min to FING info for up to down expired</Option>
                    <Option value="720">add 12 min to FING info for up to down expired</Option>
                    <Option value="900">add 15 min to FING info for up to down expired</Option>
                </List>
            </Field>

            <Field id="setuseWakeOnLan" 			  type="menu"     defaultValue="0"> <Label>Use wake on lan every xx secs to keep device online:</Label>
                <List>
                    <Option value="0" >do not use wakeOnLan</Option>
                    <Option value="20" >20 secs</Option>
                    <Option value="30" >30 secs</Option>
                    <Option value="60" >60 secs</Option>
                    <Option value="90" >90 secs</Option>
                    <Option value="120" >2 min</Option>
                    <Option value="150" >150 secs</Option>
                    <Option value="180" >3 min</Option>
                    <Option value="240" >4 min</Option>
                    <Option value="300" >5 min</Option>
                    <Option value="360" >6 min</Option>
                </List>
            </Field>

            <Field id="setSuppressChangeMSG" type="menu"     defaultValue="show"> <Label>Show MSG changed/double IP#(suppress change MSG):</Label>
                <List>
                    <Option value="notShow" >do NOT show double / changed IP numbers in Logfile</Option>
                    <Option value="show"    >SHOW  double / changed IP numbers in Logfile</Option>
                </List>
            </Field>

            <Field id="sep-04" type="separator"/>

            <Field id="sep-05" type="separator"/>

            <Field   id="lab99"  type="label"  >  <Label>=== Experts only:  for "use only Ping for up and down" ===</Label>       </Field>
            <Field   id="lab101"  type="label" visibleBindingId="setUsePing" visibleBindingValue="useOnlyPing" >  
				<Label> To add a new device (eg for unreachable ip subnet or external device):
  To create a ping only device: 
  A) just create a new device and set ip, mac and select "use only Ping...""
  B) edit an existing device that is expired
  1. change IPnumber (also MAC# to create a new device)
  2. enable "use only Ping..."
  then the plugin will try to ping the (new) device and use that info to set up/down
  for example to check if internet is up/down: 
    ping google at ip= 142.250.180.238; MAC = AA:BB:CC:EE:FF:11 
     (just a random but valid MAC, that is not used), 
     </Label>       
			</Field>

            <Field   id="overWriteIpNumber"  type="textfield"  >
                <Label>(overwrite) IP number</Label>
            </Field>

            <Field   id="overWriteMAC"  type="textfield"  >
                <Label>(overwrite) MAC number</Label>
            </Field>
    
<Field id="upToDownPing" type="menu" defaultValue="30" tooltip="seconds to go to down after ping fails" visibleBindingId="setUsePing" visibleBindingValue="useOnlyPing" >
		<List>
			<Option value="15" >15 seconds </Option>
			<Option value="20" >20 seconds</Option>
			<Option value="30" >30 seconds</Option>
			<Option value="40" >40 seconds</Option>
			<Option value="50" >50 seconds</Option>
			<Option value="60" >60 seconds</Option>
			<Option value="90" >90 seconds</Option>
		</List>
	<Label>for PINGONLY: seconds from up to down:</Label>
</Field>
<Field id="downToExpiredPing" type="menu" defaultValue="30" tooltip="seconds to go to down after ping fails" visibleBindingId="setUsePing" visibleBindingValue="useOnlyPing" >
		<List>
			<Option value="15" >15 seconds </Option>
			<Option value="20" >20 seconds</Option>
			<Option value="30" >30 seconds</Option>
			<Option value="40" >40 seconds</Option>
			<Option value="50" >50 seconds</Option>
			<Option value="60" >60 seconds</Option>
			<Option value="90" >90 seconds</Option>
			<Option value="120" >2 minutes</Option>
			<Option value="180" >3 minutes</Option>
		</List>
	<Label>for PINGONLY: seconds from down to expired:</Label>
</Field>


        </ConfigUI>

    <UiDisplayStateId>statusDisplay</UiDisplayStateId>
    <States>
        <State id="statusDisplay">
            <ValueType>String</ValueType>
            <TriggerLabel>statusDisplay</TriggerLabel>
            <ControlPageLabel>statusDisplay</ControlPageLabel>
        </State>
        <State id="MACNumber">
            <ValueType>String</ValueType>
            <TriggerLabel>MACNumber</TriggerLabel>
            <ControlPageLabel>MACNumber</ControlPageLabel>
        </State>
        <State id="ipNumber">
            <ValueType>String</ValueType>
            <TriggerLabel>IPNumber</TriggerLabel>
            <ControlPageLabel>IPNumber</ControlPageLabel>
        </State>
        <State id="timeOfLastChange">
            <ValueType>String</ValueType>
            <TriggerLabel>TimeOfLastChange</TriggerLabel>
            <ControlPageLabel>TimeOfLastChange</ControlPageLabel>
        </State>
        <State id="lastFingUp">
            <ValueType>String</ValueType>
            <TriggerLabel>lastFingUp</TriggerLabel>
            <ControlPageLabel>lastFingUp</ControlPageLabel>
        </State>
        <State id="created">
            <ValueType>String</ValueType>
            <TriggerLabel>created</TriggerLabel>
            <ControlPageLabel>created</ControlPageLabel>
        </State>
        <State id="status">
            <ValueType>String</ValueType>
            <TriggerLabel>status</TriggerLabel>
            <ControlPageLabel>status</ControlPageLabel>
        </State>
        <State id="hardwareVendor">
            <ValueType>String</ValueType>
            <TriggerLabel>hardwareVendor</TriggerLabel>
            <ControlPageLabel>hardwareVendor</ControlPageLabel>
        </State>
        <State id="deviceInfo">
            <ValueType>String</ValueType>
            <TriggerLabel>deviceInfo</TriggerLabel>
            <ControlPageLabel>deviceInfo</ControlPageLabel>
        </State>
        <State id="noOfChanges">
            <ValueType>String</ValueType>
            <TriggerLabel>noOfChanges</TriggerLabel>
            <ControlPageLabel>noOfChanges</ControlPageLabel>
        </State>
        <State id="usePing-WOL">
            <ValueType>String</ValueType>
            <TriggerLabel>usePing-WOL</TriggerLabel>
            <ControlPageLabel>usePing-WOL</ControlPageLabel>
        </State>
        <State id="suppressChangeMSG">
            <ValueType>String</ValueType>
            <TriggerLabel>suppressChangeMSG</TriggerLabel>
            <ControlPageLabel>suppressChangeMSG</ControlPageLabel>
        </State>
    </States>
</Device>

</Devices>
